author;author_type;url;location;deal_type;accommodation_type;floor;floors_count;rooms_count;total_meters;price;district;street;house_number;underground;residential_complex
Whitewill;real_estate_agent;https://www.cian.ru/sale/flat/315038053/;Москва;sale;flat;5;31;3;86.4;43000000;Хорошево-Мневники;Карамышевская набережная;2А;Народное Ополчение;Утесов
Мариана Ефимова;realtor;https://www.cian.ru/sale/flat/313489145/;Москва;sale;flat;4;12;1;42.0;11500000;Нагатино-Садовники; Академика Миллионщикова;31;Каширская;
ID 89914662;homeowner;https://www.cian.ru/sale/flat/315356214/;Москва;sale;flat;16;22;3;76.0;23200000;Ломоносовский; Академика Пилюгина;26К1;Новаторская;
do A.S.A.P.;real_estate_agent;https://www.cian.ru/sale/flat/313240274/;Москва;sale;flat;18;32;2;75.4;41700000;Хорошево-Мневники;проспект Маршала Жукова;43к5;Народное Ополчение;Wellton park
Intermark Real Estate;real_estate_agent;https://www.cian.ru/sale/flat/306834640/;Москва;sale;flat;10;33;3;113.9;47000000;Тропарево-Никулино;проспект Вернадского;105к4;Юго-Западная;
Whitewill;real_estate_agent;https://www.cian.ru/sale/flat/315108495/;Москва;sale;flat;9;25;3;100.0;43900000;Академический;проспект 60-летия Октября;8;Академическая;
Этажи Москва;real_estate_agent;https://www.cian.ru/sale/flat/315558144/;Москва;sale;flat;9;17;2;58.6;15500000;Митино;Дубравная ;40;Митино;
CENTURY 21 Столичная недвижимость;real_estate_agent;https://www.cian.ru/sale/flat/315300607/;Москва;sale;flat;2;26;2;42.7;18900000;Головинский;Кронштадтский бульвар;6к1;Водный стадион;Водный
Whitewill;real_estate_agent;https://www.cian.ru/sale/flat/315442756/;Москва;sale;flat;16;30;3;130.0;53950000;Сокол; Врубеля;8;Панфиловская;Поселок художников
GRAND ESTATE - Премиальная недвижимость;real_estate_agent;https://www.cian.ru/sale/flat/308335219/;Москва;sale;flat;15;23;2;100.8;40000000;Раменки; Пырьева;9к2;Поклонная;
GRAND ESTATE - Премиальная недвижимость;real_estate_agent;https://www.cian.ru/sale/flat/304950407/;Москва;sale;flat;2;9;4;120.0;53000000;Мещанский;Астраханский переулок;5;Проспект Мира;
Андрей Тютюнник;realtor;https://www.cian.ru/sale/flat/306753036/;Москва;sale;flat;6;14;2;51.1;14550000;Тимирязевский;3-й Нижнелихоборский проезд;2К1;Петровско-Разумовская;
Delight Realty;real_estate_agent;https://www.cian.ru/sale/flat/312794034/;Москва;sale;flat;7;17;3;108.8;54000000;Раменки;Мичуринский проспект;11К4;Раменки;
Dream Realty;real_estate_agent;https://www.cian.ru/sale/flat/314522554/;Москва;sale;flat;9;17;3;74.7;18000000;Некрасовка;проспект Защитников Москвы;12;Некрасовка;Некрасовка-Парк
Самолет Плюс Москва;real_estate_agent;https://www.cian.ru/sale/flat/315334591/;Москва;sale;flat;8;17;1;38.0;11000000;Чертаново Северное;Сумской проезд;2К6;Чертановская;
do A.S.A.P.;real_estate_agent;https://www.cian.ru/sale/flat/314699560/;Москва;sale;flat;23;23;1;35.9;19100000;Лефортово;Красноказарменная ;14Ак2;Авиамоторная;Пётр I
Whitewill;real_estate_agent;https://www.cian.ru/sale/flat/314650441/;Москва;sale;flat;6;8;2;57.0;34500000;Можайский; Гришина;16;Рабочий посёлок;Level Кутузовский
ID 71422053;homeowner;https://www.cian.ru/sale/flat/313445295/;Москва;sale;flat;2;10;3;100.0;48900000;Басманный;Переведеновский переулок;6А;Бауманская;
Арт Риэлти;real_estate_agent;https://www.cian.ru/sale/flat/314368469/;Москва;sale;flat;12;18;3;125.0;55000000;Хорошево-Мневники;проспект Маршала Жукова;58К1;Бульвар Генерала Карбышева;
Whitewill;real_estate_agent;https://www.cian.ru/sale/flat/310765033/;Москва;sale;flat;15;22;2;56.0;28450000;Раменки; Столетова;15;Раменки;Мичуринский
Арман Оганесян;realtor;https://www.cian.ru/sale/flat/314647914/;Москва;sale;flat;3;12;2;75.0;46550000;Проспект Вернадского; Удальцова;22;Проспект Вернадского;
Whitewill;real_estate_agent;https://www.cian.ru/sale/flat/305688198/;Москва;sale;flat;27;27;2;70.0;38000000;Южнопортовый; 1-я Машиностроения;10;Дубровка;Дубровская Слобода
ОЛ ИНКЛЮЗИВ;real_estate_agent;https://www.cian.ru/sale/flat/314866404/;Москва;sale;flat;12;18;3;105.0;44500000;Кунцево;Ельнинская ;11К3;Молодёжная;Изумрудная долина III
Apple Real Estate;real_estate_agent;https://www.cian.ru/sale/flat/315462285/;Москва;sale;flat;5;20;3;94.0;48500000;Щукино;Щукинская ;2;Стрешнево;Доминанта
Whitewill;real_estate_agent;https://www.cian.ru/sale/flat/311341337/;Москва;sale;flat;20;21;2;67.5;55000000;Беговой;Ленинградский проспект;29к2;Динамо;Царская площадь
Этажи Москва;real_estate_agent;https://www.cian.ru/sale/flat/303625618/;Москва;sale;flat;17;17;2;58.6;14300000;; Летчика Грицевца;12;Пыхтино;Солнцево парк
Наталья Андреева;realtor;https://www.cian.ru/sale/flat/315388536/;Москва;sale;flat;8;17;2;54.0;10700000;;проспект Нововатутинский;9;Кедровая;Новые Ватутинки, мкр. Центральный
АЛЬФА;real_estate_agent;https://www.cian.ru/sale/flat/307669189/;Москва;sale;flat;14;17;2;56.7;15500000;; Ясная;1;Коммунарка;
